provider,model,input,output,coding_arena_elo,base_url,api_key,counter,encoder,max_tokens,max_completion_tokens,structured_output
OpenAI,"gpt-4.1-nano",0.1,0.40,1246,,OPENAI_API_KEY,tiktoken,o200k_base,,32768,True
OpenAI,"grok-3-beta",3,15,1255,"https://api.x.ai/v1",XAI_API_KEY,tiktoken,o200k_base,131072,,False
Anthropic,"claude-3-5-haiku-20241022",1,5,1259,,ANTHROPIC_API_KEY,anthropic,claude-3-sonnet-20240229,8192,,False
OpenAI,"deepseek-coder",0.14,0.28,1279,https://api.deepseek.com/beta,DEEPSEEK_API_KEY,autotokenizer,deepseek-coder-7b-instruct-v1.5,8192,,False
Google,"gemini-2.5-flash-preview-04-17",.15,3.5,1291,,GOOGLE_API_KEY,,,65535,,False
GoogleVertexAI,"gemini-2.5-pro-exp-03-25",1.25,10,1299,,VERTEX_AI_API_KEY,,,65535,,False
Anthropic,claude-3-7-sonnet-20250219,3,15,1312,,ANTHROPIC_API_KEY,anthropic,claude-3-sonnet-20240229,64000,,False
Google,gemini-2.5-pro-exp-03-25,1.25,10,1313,,GOOGLE_API_KEY,,,65535,,False
OpenAI,"deepseek-r1-distill-llama-70b-specdec",5,5,1314,https://api.groq.com/openai/v1,GROQ_API_KEY,autotokenizer,deepseek-coder-7b-instruct-v1.5,16384,,False
Ollama,"deepseek-r1:70b-llama-distill-q8_0",0.0,0.0,1315,,PWD,,,,,False
Ollama,deepseek-r1:32b-qwen-distill-fp16,0.0,0.0,1316,,PWD,,,,,False
OpenAI,"o4-mini",1.1,4.4,1319,,OPENAI_API_KEY,tiktoken,o200k_base,,100000,True
OpenAI,"o3",10,40,1331,,OPENAI_API_KEY,tiktoken,o200k_base,,100000,True
OpenAI,"gpt-4.1",2,8,1332,,OPENAI_API_KEY,tiktoken,o200k_base,,32768,True
OpenAI,"deepseek-reasoner",0.55,2.19,1336,https://api.deepseek.com/beta,DEEPSEEK_API_KEY,autotokenizer,deepseek-coder-7b-instruct-v1.5,8192,,False
Fireworks,accounts/fireworks/models/deepseek-r1,3,8,1338,,FIREWORKS_API_KEY,,,8192,,False